Date,RBI_Repo,CPI,Inflation,Urban CPI,Urban Inflation,Total_Sales,Brent_Oil,Steel,Aluminium,USD_INR,NIFTY AUTO,NIFTY 50,FII,DII,Google Trends,TAMO,ASRS,Steel_ret,Aluminium_ret,USD_INR_ret,ICPI,IFD,RSVS
2018-01-01,0.8000000000000003,0.008278145695364447,0.5326460481099656,0.0016750418760467234,0.4439560439560438,0.7257059243646244,-0.18474415676636163,-1.0266290812669492,0.04520608627301207,-1.9098501881115681,-0.08999186445714594,-1.1424679040296233,0.5003750042399976,0.021093862242621806,-0.9473684210526315,398.27,0.1560274532353947,-0.06040770357098724,-1.5236995839915906,-0.012478903120212825,-0.15684698723936888,0.9190982871713785,-0.8715594564035787
2018-02-01,0.8000000000000003,0.0,0.4243986254295533,0.0,0.3538461538461537,0.7788701726270315,-0.38174445948706814,-0.9646127760484203,-0.023674408575064372,-1.8860173526400037,-0.10046768955659227,-1.10331373721588,-0.40294425439483617,0.7780622622819421,-0.8421052631578947,368.76,0.1560274532353947,-0.06040770357098724,-1.5236995839915906,-0.012478903120212825,-0.24961303705899213,-3.1483599609864887,-0.8715594564035787
2018-03-01,0.8000000000000003,0.0016556291390728006,0.3969072164948454,0.0,0.2659340659340659,0.7626839932412424,-0.34506887121459606,-0.8901932097861854,-0.3011439753306478,-1.9025170079664708,-0.17678668868130307,-1.1945851933943659,-0.18380358571893401,0.8838854567589436,-0.9473684210526315,325.85,0.6251933793080151,-0.07714967923926741,11.720232244696273,0.008748411197474493,0.5201564461975114,-1.525091688050381,-0.8715594564035787
2018-04-01,0.8000000000000003,0.011589403973509604,0.44845360824742264,0.013400335008375563,0.3318681318681318,0.7538941244099151,-0.025991253244090348,-0.799235962132343,0.15604599494765464,-1.6568554731057485,0.006006233444399686,-1.0439746525581013,-0.14718256864713297,0.5399260474717763,-0.9473684210526315,339.35,-1.0388758430264857,-0.10217697310417517,-1.5181773760418764,-0.12912448815545707,-0.25849652042873145,-1.749509929929855,-0.8715594564035787
2018-05-01,0.8000000000000003,0.023178807947020097,0.49828178694158076,0.023450586264656792,0.3978021978021976,0.7205288553660703,0.22916605373725013,-0.7317070964499448,0.2669352096314941,-1.4790258545871666,-0.13745121526017026,-1.0447449773893587,-0.7736293500805914,-0.596374965027562,-0.7894736842105263,281.63,-23.86788704271056,-0.08449177574821931,0.7106187808346958,-0.10732958994017938,-0.12670343022966468,0.12938235529501688,-13.702919699752583
2018-06-01,0.8999999999999999,0.0347682119205297,0.506872852233677,0.03685092127303147,0.4263736263736263,0.6297315658369188,0.09451425107974576,-0.6834721923910889,0.1139633160980958,-1.2901964658509402,-0.20230588952008555,-1.0500048516277867,-0.35475526733342466,0.9850023062905019,-0.6842105263157895,268.47,0.4644647694247426,-0.06592105542351478,-0.5730675010785465,-0.12767145898807397,-0.2013920431885601,-2.125765756616542,-12.606468962662573
2018-07-01,0.8999999999999999,0.056291390728477,0.37800687285223367,0.058626465661641536,0.3098901098901099,0.6970439145051996,0.08613125947460949,-0.6586656703036772,-0.26909506935265953,-1.2901964658509402,-0.1421551106952799,-0.8954102870548636,0.12847381440242406,-0.7126483020408781,-0.6842105263157895,263.29,-0.17600765325975665,-0.03629485202701155,-3.361242885570577,0.0,-0.35425327627612974,-1.4398473987516436,-13.711609730098049
2018-08-01,1.0,0.0662251655629138,0.2955326460481099,0.06700167504187604,0.2373626373626373,0.6784399115090494,-0.003985900280607116,-0.6517749697238406,-0.34485375248370304,-0.8227062316010598,-0.13408804364472984,-0.8174148978900754,-0.39683111994984865,0.6072576315530787,-0.7368421052631579,266.68,0.0332540288915264,-0.010461605774382599,0.28153129417528944,-0.3623403463142727,-0.16215006354584763,-4.771683681171259,-0.23302520152280062
2018-09-01,1.0,0.06291390728476776,0.29725085910652926,0.06867671691792276,0.3076923076923075,0.7812984479244691,0.3292380160235661,-0.6531531098398082,-0.406609529002827,-0.5477119761599536,-0.45654348434136377,-0.9979718165414623,-0.8554393202938225,0.24572202015924746,-0.8947368421052632,223.01,1.7887935586747559,0.002114441609427642,0.17907816305998403,-0.33425570984911934,-0.165740374720426,1.8060195113539093,-1.293465228482491
2018-10-01,1.0,0.0711920529801322,0.24226804123711332,0.08207705192629833,0.24835164835164825,0.8937795042416429,0.441360528742266,-0.661421950535612,-0.3982275074393535,-0.28188419590021696,-0.6314511324768108,-1.1288909288787157,-0.9476966448113107,1.1644604414466868,-0.47368421052631576,178.55,0.2227112012429402,0.012659881077243584,-0.020614424812004928,-0.4853422817654518,-0.1855088898395941,-9.74404914032259,-1.2246140954051536
2018-11-01,1.0,0.07284768211920545,0.061855670103092786,0.08375209380234505,0.0461538461538461,0.9999999999999999,-0.4116088670803663,-0.6255903075204621,-0.6234327044462169,-1.0720343565343295,-0.5292720705252661,-1.0108988301159967,0.4082257211450882,1.186561509901926,-0.7368421052631579,171.42,-0.06398346672462807,-0.054173652667762084,0.5655189377925134,2.8031020260313375,0.03573151944289879,-0.48804992515888324,-0.7029785064716653
2018-12-01,1.0,0.0612582781456954,0.024054982817869386,0.06700167504187604,0.0,0.8015851725399341,-0.7987982918426054,-0.6379935685641676,-0.6681286017832111,-1.0867007168245215,-0.537145982449254,-1.0143171465547007,0.09986796333124362,1.413790861040326,-0.8421052631578947,172.17,0.011456667512329988,0.01982649170647477,0.07169321888029057,0.013680867782638328,-0.15073454423377342,-0.8680442888142827,0.36167440664348827
2019-01-01,1.0,0.05298013245033095,0.0,0.06700167504187604,0.0,0.7482955040326092,-0.691391211901795,-0.7124131348264023,-0.8324655304364956,-0.8318727067824295,-0.7682844965469151,-1.0219241042633649,-0.2732819843440441,1.0206537766452168,-0.8421052631578947,180.64,0.41966168621826716,0.11664626405203316,0.2459660134511159,-0.2344969558745963,-0.1494031346129292,-1.7313146874398442,0.29128056571651284
2019-02-01,0.8999999999999999,0.0579470198675498,0.1030927835051546,0.07705192629815727,0.11428571428571421,0.7484035047990663,-0.4529998881307274,-0.7771857202768662,-0.8096121951737303,-0.8538722472177189,-0.7372092453028949,-1.0311800385639394,0.06284995684624568,0.36053142982449504,-0.5789473684210527,176.9,-0.04906058383369827,0.09091997646316186,-0.027452590440330216,0.026445801450056816,-0.15162278369982551,-0.7031047711357069,-0.14250454916903704
2019-03-01,0.8999999999999999,0.0662251655629138,0.15292096219931267,0.09212730318257956,0.2615384615384614,0.7514379779469402,-0.3387816275107435,-0.7372196569138141,-0.7893474253938022,-1.1563659282029344,-0.7417086235451733,-0.8310400183429366,1.131487667574131,1.3873252323304122,-0.8947368421052632,173.71,0.2484038957328436,-0.05142408348523764,-0.025030218048506025,0.3542610524828149,-0.1407056507746284,-0.10157069021124068,-0.09236111852506751
2019-04-01,0.8000000000000003,0.0794701986754962,0.17525773195876293,0.11055276381909529,0.3054945054945054,0.7654258191509746,-0.07209770707234049,-0.8006141022483103,-0.8529275242532112,-1.07276767454884,-0.7382431933333173,-0.8011297495042794,0.3770168255671232,0.7115019622373286,-0.5789473684210527,213.64,0.0324884479573766,0.08599125747661329,0.08054767370361549,-0.0722939439974779,-0.15137109422008507,-0.30728467015701566,0.08818639780241598
2019-05-01,0.8000000000000003,0.0927152317880795,0.18556701030927836,0.12562814070351758,0.3516483516483515,0.7886773390004703,-0.06738227429445182,-0.8584959871189372,-1.0111012017568826,-1.0848674217882492,-0.7780331494051853,-0.7590868645733219,-0.0076332521347603904,0.6261979477795336,-0.631578947368421,172.07,0.11226951115183703,0.07229685900870475,0.18544796950029463,0.011279000594884625,-0.14121596269527958,-1.0246805295824513,0.07512439952139982
2019-06-01,0.7000000000000002,0.10761589403973515,0.20790378006872856,0.1356783919597988,0.312087912087912,0.6913791001097427,-0.4393775267723808,-0.9591002155845509,-1.0734979563955658,-1.200365009073513,-0.8342640153673996,-0.791332180556727,0.34795117030217665,0.8071018624241003,-0.9473684210526315,162.05,0.028579961533661935,0.11718660305359818,0.06171168081915335,0.10646239804572843,-0.14026674660476177,-0.3975148145693261,0.019524535067413522
2019-07-01,0.7000000000000002,0.129139072847682,0.20274914089347074,0.15577889447236215,0.2879120879120878,0.682345358579964,-0.4550956360320115,-1.0362760620787204,-0.9723220255235168,-1.215031369363705,-1.0788665779930915,-0.9528235596344994,-0.39176322345353154,1.5186582682404894,-0.7894736842105263,135.18,0.07401554729534365,0.08046692643805997,-0.09424883416803398,0.01221825043160174,-0.15693784002995925,-1.6952967364012064,-0.08382891703450726
2019-08-01,0.56,0.14238410596026485,0.22508591065292094,0.17085427135678355,0.34725274725274724,0.7118469873012002,-0.7107768799886729,-1.0238728010350144,-1.1111430944174028,-0.7400246254651018,-1.0430419830488882,-0.9756323964350045,-0.18407997075343818,1.4306381241162371,-0.7368421052631579,116.34,-0.05580798313481461,-0.011969070306251717,0.14277272883861913,-0.39094195909308704,-0.17196173813138785,-1.29534116841136,-0.02848038501582706
2019-09-01,0.56,0.1556291390728477,0.3470790378006873,0.1792294807370185,0.41098901098901097,0.7648823314229971,-0.5122047663420036,-1.0996705074132165,-1.0795132895175883,-0.8887048529069252,-0.9330912677697719,-0.8670165952277438,0.3702755433164444,0.6142506068190582,-0.6842105263157895,117.09,0.006656120555180944,0.07403039352308172,-0.028466005016571372,0.2009125403744214,-0.1425259996238002,-0.24780963255169497,-0.053381886345715945
2019-10-01,0.45999999999999996,0.17880794701986735,0.4553264604810997,0.20100502512562812,0.48351648351648346,0.9654049157768215,-0.675673102642164,-1.1809807742552878,-1.147432317186325,-0.8267394806808638,-0.7157690262544611,-0.7700038117912942,0.8065945469232692,0.8854219755457591,-0.631578947368421,177.15,-0.13625944569939274,0.07394057246596497,0.06291634232598309,-0.06972547975109478,-0.15294646618776228,-0.04658785985580282,0.04421781186838954
2019-11-01,0.45999999999999996,0.20198675496688745,0.6134020618556701,0.21775544388609713,0.6263736263736263,0.9773686135837093,-0.49229516127980444,-1.198896595762863,-1.0270516957320814,-0.6859424218950172,-0.7983712480255861,-0.7270100571467538,0.5323376771847922,0.45488517697944,-0.7894736842105263,161.0,0.18136593433751336,0.015170290573843337,-0.1049130477250586,-0.17030402209640783,-0.17195642049132565,0.07845493029121811,-0.06839665943313425
2019-12-01,0.45999999999999996,0.23178807947019875,0.9243986254295532,0.2395309882747072,0.9999999999999999,0.8035675091887748,-0.2774810013981832,-1.1685775132115819,-1.0354583703001534,-0.7585409053314695,-0.7614899809184238,-0.6999523974488455,-0.042899982537491034,0.7627394194197222,-0.7894736842105263,184.58,-0.009324965348714409,-0.025289155593930857,0.008185249684125928,0.10583757633168145,-0.15169131688529072,-1.1191931987591552,-0.089764670694355
2020-01-01,0.45999999999999996,0.2284768211920527,0.9656357388316151,0.23785594639866003,0.9846153846153846,0.8377410420332015,-0.46924193436567935,-1.1024267876451512,-1.0312427065138186,-0.7237082996422605,-0.7982462652966339,-0.7496263127394445,-0.3268328410748363,0.559383577699305,-0.5789473684210527,176.06,-0.021194536740100856,-0.05660790561049711,-0.004071302050620229,-0.04592053697353038,-0.16304072565402208,-3.8108519097285654,-0.005513781860325473
2020-02-01,0.45999999999999996,0.21026490066225145,0.7920962199312714,0.22948073701842553,0.8043956043956043,0.7854059609455293,-0.8878675776471802,-1.1437709911241707,-1.2407685925960663,-0.5414787730366207,-1.0669818566763658,-0.9326627144414407,0.06954098727246909,0.2660234258622124,-0.5789473684210527,128.55,0.07433653878038249,0.03750290172768134,0.20317805377801257,-0.251799691527261,-0.15749301638939353,-0.5855282351137857,-0.10061635595189633
2020-03-01,0.0,0.20198675496688745,0.6649484536082474,0.2227805695142382,0.5890109890109888,0.818342710819238,-2.126978524281409,-1.123098889384661,-1.4311144411007177,-0.028339492383517753,-1.5606977222362963,-1.559514545876961,-2.6016550438384356,0.10258682616618904,0.0,70.83,-0.12522382319815217,-0.018073637030426748,0.15340962822599336,-0.9476627823754024,-0.20404540848349645,1.0821000606872133,0.14850664165351227
2020-04-01,0.0,0.2483443708609272,0.9020618556701031,0.28308207705192645,0.9714285714285714,0.4897381852387339,-2.8411046216439697,-1.2044091562267323,-1.803276198518957,-0.07527184531213327,-1.2948026474236598,-1.2556815815734503,-0.71155578392218,-1.0841894334086972,-0.10526315789473684,92.96,0.030373517499757696,0.07239813662946526,0.26005031235097964,1.656075990828663,-0.04130824693999214,-0.20750919779164706,0.4229754494989507
2020-05-01,0.0,0.24006622516556275,0.7388316151202748,0.2780569514237854,0.7736263736263734,0.24936680195794939,-2.2647739487908396,-1.2209468376183399,-1.787399663557554,0.018776190048726046,-1.2226762507519813,-1.3229887137045455,-0.5905443654513681,-0.10280762512571173,0.0,86.73,-0.10374563749259136,0.01373094957482568,-0.008804272453905027,-1.2494450610432883,-0.2291569289625945,0.7034475229813807,0.5382037181932893
2020-06-01,0.0,0.25496688741721885,0.7319587628865979,0.2814070351758797,0.7054945054945055,0.1033218945424774,-1.6942065826662407,-1.2209468376183399,-1.5354459565613692,0.009609714867356355,-1.1089760536042994,-1.1492323189541003,0.003731197965806146,0.6624452728606319,0.6842105263157895,97.95,0.044140641548795934,0.0,-0.1409610352587335,-0.4881967618340991,-0.19340278603690086,-0.9887981694664859,0.7613501891338678
2020-07-01,0.0,0.28973509933774855,0.8178694158075602,0.31658291457286447,0.832967032967033,0.05893706342432109,-1.5385973009958955,-1.2567784806334898,-1.3499567499626124,-0.1047878953961456,-0.981584566603219,-0.9635479256446575,-0.04641509765813942,0.2198764433219657,0.0,104.33,0.05569888531494027,0.029347422763341235,-0.12080477714380766,-11.90437092489643,-0.8538376102806138,-1.5351635833391188,3.2039851454869073
2020-08-01,0.0,0.30298013245033095,0.8109965635738833,0.3350083752093802,0.8549450549450549,0.028153361088369022,-1.4600067546977415,-1.2636691812133265,-1.1195744219900736,-0.4094815304248899,-0.8541930796021386,-0.8879477652520598,0.46713090977159283,0.0479617685089265,0.05263157894736842,142.76,-0.05569078135471761,0.00548282826768598,-0.17065904369078444,2.907717860701989,0.0025022269671820187,0.8137742176066944,3.8854031744004343
2020-09-01,0.0,0.33112582781456945,0.9106529209621993,0.3551088777219431,0.9560439560439559,0.03330604281707805,-1.6606746162456953,-1.1975184556468959,-1.103525315996481,-0.3533827023149047,-0.8387974798084833,-0.9216374402940727,-0.16454708658766246,-0.19629027501569035,0.10526315789473684,132.89,-0.053918875523314425,-0.052348135532525375,-0.014335005943655665,-0.1369996542988774,-0.1686815179966396,-0.08797090269970799,3.8731874664514834
2020-10-01,0.0,0.36423841059602635,0.9690721649484536,0.3802345058626466,0.9714285714285714,0.06781751354364451,-1.698398078468809,-1.1671993730956147,-0.9498631383343268,-0.17115317570926497,-0.8728155062160142,-0.8265865779122311,0.23671373168792104,0.013710707993376009,0.0,132.24,0.1602113143981192,-0.025318259111842156,-0.13924662663801024,-0.5156718917250573,-0.19637061531321,0.8905002402255551,0.8665901889209198
2020-11-01,0.0,0.3725165562913908,0.852233676975945,0.3835845896147405,0.8395604395604396,0.06543452889020504,-1.5674138346385524,-1.1162081888048243,-0.6313956249315171,-0.27455101575512225,-0.6153056363094421,-0.5072508263796696,1.6846069867624132,-0.7342563536412924,0.3684210526315789,179.79,0.1487724872974312,-0.043686781766814176,-0.33527726316579887,0.6041245779832765,-0.14376454086204038,2.5452325237683353,0.12689940018977547
2020-12-01,0.0,0.3460264900662251,0.4501718213058419,0.3685092127303182,0.5010989010989012,0.02451965788144303,-1.1849398426542024,-0.8460927260752317,-0.4356754214244024,-0.44944736221566467,-0.5467014801809618,-0.26344301728677616,1.3253793070524664,-0.4671380069113099,0.3157894736842105,183.28,0.7107849766245322,-0.24199380137034987,-0.309980297263452,0.6370267688848621,-0.15190519312149064,2.0885936317314933,0.20291346112898553
2021-01-01,0.0,0.32947019867549665,0.35910652920962194,0.3651591289782248,0.48791208791208784,0.021676798996638047,-0.9344979684507513,-0.569086562765802,-0.4620294833401483,-0.478596753292423,-0.40589139291692433,-0.3470112251526904,0.4139870928188886,-0.5102603461704235,2.0,261.89,-0.43635876150827757,-0.3273945689078045,0.06049012778729557,0.06485607331870646,-0.16858655323515134,-9.600251438626355,0.08809078619466901
2021-02-01,0.0,0.33443708609271505,0.5257731958762887,0.37688442211055273,0.6703296703296703,0.03175222533837338,-0.54102129998466,-0.43540697151697305,-0.27809341603109383,-0.2873840810090393,-0.3248230500920306,-0.131669325839847,0.6378388700374752,-0.7722277253926365,2.210526315789474,321.96,1.1090938713709457,-0.23490203423383693,-0.39810461007666875,-0.3995277255183397,-0.21684007458472118,-10.492436978524774,0.2083404123086949
2021-03-01,0.0,0.3377483443708611,0.6099656357388316,0.3835845896147405,0.7934065934065931,0.028303168603132034,-0.3770290267091787,0.0014634452446641026,-0.002250947579009009,-0.430931082349297,-0.39468839557630103,-0.09277995818684817,1.0516752073829978,0.05823950637821652,1.1578947368421053,300.87,0.7243997733348582,-1.0033610974109244,-0.9919057861522427,0.4994953124621493,-0.2437554303245448,0.8950558891487114,-0.015554488768190267
2021-04-01,0.0,0.35430463576158955,0.3883161512027492,0.40201005025125625,0.3956043956043954,0.02361384500148067,-0.40846524522844,0.4025022189911517,0.3155509346996419,-0.26355124553747755,-0.44504507327776277,-0.107127258169013,0.16091890486198962,0.21188533577321222,0.47368421052631576,292.95,-0.023429001427723417,274.0374299678947,-141.18582113696527,-0.38841439772531294,7.539629009964371,-0.1367109741680608,0.04990457960719677
2021-05-01,0.0,0.39735099337748325,0.7439862542955326,0.42713567839195976,0.6593406593406593,0.030275053564896265,-0.21356069040901798,0.5582320520954579,0.5969403291863796,-0.5456953516200529,-0.25166270538992946,0.12197216117706379,0.22777644470854563,-0.3995069831451753,0.7894736842105263,317.77,-1.496654224590205,0.38690428463881266,0.8917400126055055,1.0705474205108767,-0.0203524859109266,-3.652719158539149,0.04338879959241171
2021-06-01,0.0,0.41225165562913935,0.7371134020618556,0.44221105527638205,0.7604395604395603,0.007445085094152287,0.02902212916461736,0.8655572979561674,0.6292850712195491,-0.20671909941298186,-0.22700702158754416,0.15536092808186683,-0.421577630902862,-0.06615802248822278,0.6842105263157895,338.55,-0.29182703751720784,0.550533142457676,0.054184213147828064,-0.6211822241122689,-0.15780364139376746,0.7287136093978563,0.19836365454853627
2021-07-01,0.0,0.43211920529801295,0.6219931271477663,0.46566164154103884,0.6395604395604396,0.020966084275436808,0.13433346120414408,1.2503477997354009,0.7549907416670579,-0.21093567799641144,-0.352410146991658,0.16536311456272143,-0.7920365933785684,0.34880791246682347,1.3157894736842106,293.05,0.4585196260171758,0.44455809302034166,0.19975949882919086,0.020397624580425155,-0.11822520456139612,2.573941071454614,-0.051834062022256544
2021-08-01,0.0,0.4387417218543046,0.5721649484536082,0.4723618090452262,0.5296703296703297,0.011733760691204909,-0.09724668188775001,1.4213887695281038,1.0147101451117548,-0.4657636880385034,-0.3556028876130727,0.49495381541139405,1.0960425431945837,0.4112940180117507,0.5263157894736842,286.42,-0.6628750916506374,0.13679471410186728,0.3440034282688331,1.2080839640908314,-0.05871829081084761,0.4542771288150955,0.12370545143858502
2021-09-01,0.0,0.443708609271523,0.40893470790377995,0.47403685092127334,0.36483516483516476,0.035232637134844175,0.09870574688231389,1.5651425650246535,1.58559977259812,-0.2426516821239527,-0.2274387801057425,0.6119348628330882,-0.48169137590751654,-0.09405430747011276,0.5263157894736842,332.33,-0.4826806556402157,0.10113615541248122,0.5626135012412734,-0.4790240451207236,-0.14611392103697043,0.6732782887112922,-0.015734642749289318
2021-10-01,0.0,0.48178807947019875,0.43127147766323026,0.5125628140703515,0.46813186813186813,0.06276934868570036,0.5728687095478441,1.7331240637599086,1.8317107175044711,-0.10497122489977127,-0.06859709367378543,0.624813731105669,-0.9631113919629745,-0.4533305103329376,2.4076906372019082,482.21,-0.704609972184254,0.10732664390391111,0.15521630941147313,-0.5673995581611122,-0.1745599946285069,0.3599024293221858,0.16737911144516915
2021-11-01,0.0,0.5016556291390724,0.5051546391752577,0.5293132328308205,0.5780219780219779,0.06761196369780689,0.4424084026929078,1.949119964135465,1.097199098498177,-0.07288856176497606,-0.22627984934636805,0.45908556545598217,0.12185313653043807,0.44530613170809163,1.8421052631578947,457.19,3.489490865816437,0.12462806609872246,-0.4009976094953439,-0.3056329309811181,-0.19066293206485943,-0.5703036400731429,-1.5561891420764726
2021-12-01,0.0,0.49337748344370835,0.634020618556701,0.5226130653266332,0.6571428571428571,0.034953925479471154,0.08193976367204137,1.9453576416188747,1.2428490496658353,-0.18710284252484974,-0.15052895353507628,0.5483589916033945,-0.4602690231422214,0.28349376545403676,0.9473684210526315,480.92,-0.44306715594157287,-0.0019302672928390718,0.1327470569079221,1.5669712502786024,-0.05820083157859402,4.207391907232784,-1.0278293000421128
2022-01-01,0.0,0.4850993377483439,0.6941580756013744,0.5192629815745393,0.6593406593406593,0.02939014405908688,0.728477991218189,1.8095419331902962,2.008201577424793,-0.1757364132999511,0.023674246491731107,0.5449406751646907,-0.9345834312196997,-0.16004294993459206,0.7894736842105263,516.16,-1.1582602568596694,-0.069815290269997,0.6158048943793599,-0.06074963411306289,-0.12865321010798905,0.7075843361899873,-1.2796922319812323
2022-02-01,0.0,0.49172185430463555,0.7044673539518901,0.5276381909547738,0.6241758241758241,0.04323514553974253,1.2848990590091194,1.414001938506519,2.5994052807002825,0.000993228196866295,-0.1769684817415974,0.41351603715692553,0.5726145144857164,0.4504238281397687,0.9473684210526315,452.65,-10.85091628041116,-0.21858570250782972,0.29439460157860076,-1.0056518064652373,-0.21087341811742227,0.11943900952173733,-3.821916039815357
2022-03-01,0.0,0.5182119205298008,0.8556701030927835,0.5443886097152428,0.7054945054945055,0.040507255212778925,2.339060253355026,1.4545606021194366,3.0428169579811053,0.07579166567684743,-0.23797141553653117,0.5750074162346973,-0.5450111873124194,-0.01437915415850642,0.9473684210526315,432.42,-0.032952558907899054,0.028683598309459102,0.1705819714120791,75.3084112150415,4.230356752374461,0.9485899090760265,17.193874770726165
2022-04-01,0.0,0.5579470198675494,0.9999999999999999,0.5896147403685092,0.9186813186813186,0.04388663403417703,1.6752321056232848,1.5650323138153757,2.596003166065696,0.1892726284222106,-0.11844247839317004,0.4878162743967765,-0.4874828986759901,0.0,0.3684210526315789,436.25,-0.4133219315269684,0.07594851086642307,-0.14684215254665478,1.4972749540722776,-0.0739703090748454,1.0,16.827589493331892
2022-05-01,0.16000000000000014,0.584437086092715,0.8711340206185566,0.6164154103852599,0.9164835164835164,0.04370547145818454,2.1342008960045047,1.8278436339303423,1.5751468986483768,0.38158527772735884,-0.002890264443742034,0.3631199423370225,0.07672448557835448,-0.23211415003742997,0.47368421052631576,442.19,-0.9672179371869711,0.1679270886581643,-0.3932415340480694,1.0160615980677155,-0.11090240235688002,-1.9875107954629916,20.71600046579658
2022-06-01,0.3600000000000001,0.5993377483443707,0.8659793814432989,0.6264656616415412,0.868131868131868,0.006215269914818744,2.6251298418803066,1.656940478149236,0.9172075119248758,0.6347633222368041,0.02314022937711715,0.1695036105307289,-0.7857777286426605,-0.2643628967008703,0.15789473684210525,410.53,-18.151465211296433,-0.09349987745593957,-0.4177003346723245,0.6634900749245887,-0.14799852726794333,0.49651905597997464,-4.556897394891067
2022-07-01,0.3600000000000001,0.6125827814569536,0.8144329896907215,0.6415410385259634,0.7868131868131868,0.011200724650303973,2.0603257824842403,1.3911799381861,0.5350366346396651,0.7055285106369813,0.21448878740291064,0.5012247409908468,0.5780316611619981,-0.12625465984105502,-0.05263157894736842,448.22,2.1346090829366884,-0.16039232758679678,-0.41666784486225683,0.1114827935407674,-0.18389831373758023,1.5589246883834331,-8.409925589382077
2022-08-01,0.56,0.6274834437086092,0.8642611683848797,0.6549413735343386,0.8373626373626372,0.0,1.458846134815701,1.1304633910474042,0.5901854059264031,0.7339445836992291,0.3676835268994826,0.6459134096868218,2.2100626765880516,-0.3034019675304544,0.05263157894736842,469.65,0.3302331855497489,-0.18740677606279532,0.10307475734606375,0.04027629306800451,-0.15940674609499425,1.3182548065202608,-8.337227775821132
2022-09-01,0.7600000000000002,0.6440397350993377,0.9347079037800686,0.6716917922948076,0.9582417582417581,0.033922692354590916,0.8987575081975229,0.8404062408397642,0.08225955218448669,1.103903522019331,0.2499611582927937,0.48584231701667985,0.4194620290932938,-0.5650729317111163,0.05263157894736842,403.36,-0.09618963566829342,-0.2565825240381242,-0.8606208297283031,0.5040693078698586,-0.1924717620117374,-6.7614096410656055,-4.511201829521816
2022-10-01,0.7600000000000002,0.6672185430463573,0.824742268041237,0.6917922948073705,0.789010989010989,0.06508613932098872,1.0858030083871293,0.6170235094426229,0.15814150033852287,1.3350820260934868,0.4050192766573802,0.7067931440071152,2.1751979607809635,-0.812095548481251,-0.2631578947368421,411.48,0.11379734007351883,-0.2658032752992521,0.922469745323349,0.20941911993474704,-0.10652503189800358,2.191540035661959,-0.39788082415618653
2022-11-01,0.7600000000000002,0.6639072847682117,0.6718213058419243,0.6867671691792294,0.6087912087912087,0.07160799205671783,0.9857310461008132,0.49310115021484285,0.39278879810659345,1.0764040964752193,0.3709785261173129,0.886411229270407,2.6248362104596654,-0.6563082716432131,-0.15789473684210525,438.05,-0.269651474639513,-0.20083895885867142,1.4837806474946609,-0.19375433461206226,-0.09356220566232354,1.666801073738185,-0.2966499682425259
2022-12-01,0.8999999999999999,0.6506622516556289,0.6443298969072164,0.6716917922948076,0.545054945054945,0.03895692162976641,0.4355972220137347,0.42149298978918104,0.5184451625449065,1.325365562401235,0.23005481819059168,0.7292047820665031,0.42314800041709005,-0.20992839157031917,-0.2631578947368421,386.76,-0.24617887645378178,-0.1452200231016746,0.31990821796351976,0.23128996511743338,-0.13325853931585854,2.969128380881545,-0.3889360313445563
2023-01-01,1.0,0.6639072847682117,0.781786941580756,0.6850921273031827,0.679120879120879,0.03745884648213632,0.5183792641144569,0.43328986918186113,0.7652956975892118,1.1460693078536346,0.39189609011740095,0.6225268292628743,1.6955719348585598,-0.32816472207309055,0.0,450.71,0.9954048898485928,0.02798831695535564,0.47613624907325414,-0.135280604562231,-0.13541613840406452,1.4799809727558837,-0.44546576840310254
2023-02-01,1.0,0.6688741721854305,0.7680412371134021,0.6968174204355111,0.7010989010989009,0.04785479122755065,0.5230946968923463,0.5584525545140121,0.5541673662080636,1.3112491906219252,0.2573465013672409,0.5362985934640249,0.9684431105376818,-0.5142528753015191,-0.3157894736842105,419.41,-0.2377476833925367,0.2888659399502773,-0.27587811096577686,0.1441273068185034,-0.14771816563213372,3.2644823045749805,-0.5135860186987752
2023-03-01,1.0,0.6754966887417213,0.634020618556701,0.7085427135678395,0.6549450549450547,0.04009963941679587,0.3051369151587992,0.6705918157502722,0.258922983136997,1.2232510288807703,0.14645273458784885,0.5497311327090716,1.062949204199545,0.2554825440274638,-0.631578947368421,419.51,-0.44481778917515313,0.20080356035589841,-0.5327711465424261,-0.06711017430593602,-0.18003450296998869,0.6124447937922767,-0.558961049434388
2023-04-01,1.0,0.6903973509933774,0.4690721649484536,0.7269681742043552,0.4263736263736263,0.03932273067744352,0.6305017768331568,0.7680814475537999,0.37432369766235307,1.142586047284713,0.36129804565665274,0.7195035037228583,0.0971217011247614,-0.7033414746648318,-0.47368421052631576,483.46,0.8848879882237608,0.14537849928045166,0.44569513732312105,-0.06594311363045646,-0.12633545924281522,-1.3204174636456056,-1.028224385989879
2023-05-01,1.0,0.7069536423841059,0.402061855670103,0.7403685092127303,0.312087912087912,0.04455554200707232,0.15005157046377476,0.8809924672550014,0.19033832434410172,1.3185823707670226,0.5907549739465936,0.8325005274078944,-0.32694339508863796,-0.5700424206220178,-0.15789473684210525,524.68,0.41315620688896004,0.14700396691106454,-0.49151409453165207,0.15403332107945333,-0.16791421369303186,-0.2710176920030553,-0.9063642616394827
2023-06-01,1.0,0.73841059602649,0.49828178694158076,0.7688442211055277,0.4505494505494504,0.02072917936836971,0.11704354101855027,0.7814769694810019,-0.01637711921392234,1.210601293130479,0.8063274572565736,0.9900921370274267,0.6332508784647062,-0.4831081234356923,0.15789473684210525,593.72,0.14765926648008665,-0.11295839802588792,-1.0860421529419113,-0.08189179533299129,-0.23127035624000997,7.435317153229747,-0.526310379200547
2023-07-01,1.0,0.826158940397351,0.9398625429553266,0.8492462311557789,0.9428571428571427,0.03190900064452071,0.3931583270127314,0.593512439064221,-0.07805893671925047,1.2379173891709625,0.9336734959925803,1.1260424334188284,3.6826597285647704,-0.36790248550061627,0.42105263157894735,642.32,0.018132818841757326,-0.2405247214663443,3.766341118949165,0.022564073073015667,0.049323679544232404,1.221978539315614,-0.18323288127907564
2023-08-01,1.0,0.8245033112582778,0.8350515463917526,0.845896147403685,0.8087912087912087,0.0206734370372951,0.7096162601066321,0.5408812680354292,-0.13515529536926613,1.3226156198468237,0.925083773893685,1.005679178534896,0.8322305151691414,-0.9305950229494808,0.10526315789473684,599.15,0.10938255078598647,-0.08867745234080393,0.7314519137683162,0.06841993772507227,-0.11552463618294943,-17.921357793557384,-0.14141256841320898
2023-09-01,1.0,0.7897350993377481,0.5240549828178693,0.8073701842546064,0.3824175824175825,0.05492709948264149,1.1062365504246494,0.4357153957859634,-0.01657434325070978,1.3827476970366128,1.04191990133144,1.09823852154064,-7.060725560967398,-0.1321043199467663,-0.10526315789473684,628.26,0.0313737072545881,-0.1944343028026202,-0.8773681548664002,0.0454645146234951,-0.21648004514250277,0.9632677757895266,-0.05320577609819369
2023-10-01,1.0,0.8096026490066226,0.49828178694158076,0.8274706867671693,0.3758241758241757,0.08886024352430888,0.9427682141244886,0.3415195188595981,0.00201402221652332,1.424180164856406,0.980973777867848,0.9637446205333337,-7.126467510311046,-0.5856768017421945,-0.10526315789473684,626.72,0.07289635801063099,-0.2161867077394649,-1.121514450742238,0.02996386680562746,-0.23283012141562118,0.8481157047782818,-0.0779485155509527
2023-11-01,1.0,0.826158940397351,0.6151202749140893,0.8408710217755444,0.5164835164835163,0.07708815998049018,0.5414324910285819,0.3097396077853921,0.02679029183796854,1.4426964447227737,1.3526610517053734,1.2173620348992684,-7.330660773802719,-1.3397112977988157,0.0,704.23,0.09162582155431309,-0.09305445024145453,12.301884963421573,0.013001360588556166,0.5532750663681595,0.6909679799816589,-0.20162851772034218
2023-12-01,1.0,0.8162251655629134,0.6391752577319588,0.8308207705192632,0.5604395604395603,0.054282578779591334,0.2632219571331164,0.46042544806525737,-0.022096616280763728,1.412080417616997,1.5949798390111214,1.6021031791357585,-7.771118015153437,-0.49492842937836024,0.10526315789473684,777.55,-0.10402584159199646,0.48649199680097177,-1.8247993868229275,-0.021221392218554902,-0.23583934949361066,0.880250266509023,-0.2035290059868496
2024-01-01,1.0,0.8129139072847682,0.5378006872852233,0.829145728643216,0.44175824175824163,0.052906439981186965,0.39368226398805267,0.6376404855774943,0.003517855497029237,1.3946641147723937,1.7333584440937255,1.6007310380300817,-9.519992997481008,-1.4470377399865404,0.3684210526315789,881.48,0.08769040869410061,0.38489409796289054,-1.159203357307323,-0.012333789653421245,-0.2025531124078369,0.7361113003827171,-0.13776025477564904
2024-02-01,1.0,0.8178807947019866,0.5360824742268041,0.8375209380234505,0.41098901098901097,0.05392722141899073,0.5697250876959178,0.725524480772729,-0.02941855864650363,1.3589148615650513,2.0026962249856815,1.6626218236913992,-8.967644106528843,-1.8300210968868857,0.21052631578947367,947.28,0.11237594282178631,0.13782687452105624,-9.362639872884788,-0.02563287663938829,-0.6943233401616524,0.6610339249437039,-0.04268563106346219
2024-03-01,1.0,0.8178807947019866,0.4948453608247422,0.8308207705192632,0.27032967032967015,0.05532426359154807,0.6708449239328756,0.4002558506021248,0.08571097282826914,1.441413138197381,2.2314600672332503,1.7454558157025222,-4.171650181974418,-1.1881464229812395,0.3157894736842105,989.75,0.061350080992378375,-0.4483220605101743,-3.913500075179782,0.06070893693613533,-0.4067534962671103,0.5566449585483592,-0.017337739725636254
2024-05-01,1.0,0.8493377483443707,0.486254295532646,0.8659966499162479,0.2857142857142856,0.04889647603950739,0.47908399096537985,0.3042132659203631,0.9199193424307054,1.4549795214658112,2.686056338631148,1.794515878393213,-6.249055579774143,-0.7436327478128048,0.15789473684210525,920.16,0.170813044094704,-0.23995298141746113,9.732807154970223,0.009411863197942294,0.395260809827043,0.7873113420831044,-0.023430032629866163
2024-06-01,1.0,0.8907284768211916,0.5343642611683849,0.9011725293132331,0.3252747252747251,0.027041998362569042,0.5052808397314312,0.2276300196760594,0.7549167826532631,1.4423297857155197,3.0792230024121774,2.1507670401986756,-0.1618083621548485,0.043736341845183636,-0.15789473684210525,989.75,-0.04351104841758591,-0.2517419679664845,-0.17936633372818922,-0.008694098826592112,-0.18240071658742105,1.7408417630269608,-0.02477121505210367
2024-09-01,1.0,0.9569536423841054,0.604810996563574,0.9614740368509214,0.4703296703296701,0.05078823140035188,0.07408070904222566,-0.007963033148551873,0.637346603723243,1.5156615871664798,3.0792230024121774,2.5841349394082744,0.0,-1.2620263597661951,0.2631578947368421,974.65,-0.16770327764262694,-1.0349823505699471,-0.1557392571361348,0.05084260352744585,-0.22307709314098423,-1.0,-0.08871832435416045
2024-10-01,1.0,1.0,0.7285223367697594,1.0,0.5956043956043956,0.08248123051195846,0.15843456206891102,0.02950859660459921,0.9964422687043019,1.5717604152764677,2.7076669886736076,2.1976485279759674,-3.331108015040371,0.1416621927151466,0.42105263157894735,834.05,0.03397743102232709,-4.7056980743531795,0.5634228893404287,0.037012766296244504,-0.39537402716974585,1.088831853937478,-0.11801181075526299
